datetime,inflow_cfs,outflow_cfs
10/1/2015,72,33
10/2/2015,0,229
10/3/2015,32,26
10/4/2015,0,29
10/5/2015,17,30
10/6/2015,0,97
10/7/2015,0,222
10/8/2015,0,188
10/9/2015,0,331
10/10/2015,3,0
10/11/2015,23,0
10/12/2015,0,233
10/13/2015,0,277
10/14/2015,0,262
10/15/2015,0,154
10/16/2015,26,164
10/17/2015,0,158
10/18/2015,29,173
10/19/2015,127,402
10/20/2015,254,845
10/21/2015,139,671
10/22/2015,73,714
10/23/2015,49,684
10/24/2015,3,717
10/25/2015,0,715
10/26/2015,0,592
10/27/2015,29,489
10/28/2015,0,472
10/29/2015,16,397
10/30/2015,11,416
10/31/2015,79,289
11/1/2015,110,328
11/2/2015,229,260
11/3/2015,380,265
11/4/2015,314,278
11/5/2015,251,281
11/6/2015,203,276
11/7/2015,172,275
11/8/2015,207,279
11/9/2015,257,275
11/10/2015,213,273
11/11/2015,208,255
11/12/2015,177,238
11/13/2015,190,228
11/14/2015,168,229
11/15/2015,250,239
11/16/2015,201,240
11/17/2015,174,241
11/18/2015,200,239
11/19/2015,213,235
11/20/2015,218,235
11/21/2015,231,242
11/22/2015,239,244
11/23/2015,229,246
11/24/2015,243,248
11/25/2015,234,245
11/26/2015,177,244
11/27/2015,155,244
11/28/2015,162,245
11/29/2015,134,245
11/30/2015,112,245
12/1/2015,116,244
12/2/2015,129,245
12/3/2015,101,245
12/4/2015,118,245
12/5/2015,130,246
12/6/2015,111,244
12/7/2015,99,244
12/8/2015,101,245
12/9/2015,107,234
12/10/2015,192,248
12/11/2015,291,247
12/12/2015,262,245
12/13/2015,248,248
12/14/2015,294,183
12/15/2015,228,161
12/16/2015,189,161
12/17/2015,189,183
12/18/2015,161,439
12/19/2015,204,221
12/20/2015,225,259
12/21/2015,3310,312
12/22/2015,5463,186
12/23/2015,1485,226
12/24/2015,1105,246
12/25/2015,791,240
12/26/2015,676,237
12/27/2015,438,235
12/28/2015,478,235
12/29/2015,432,235
12/30/2015,360,235
12/31/2015,360,235
1/1/2016,322,250
1/2/2016,239,252
1/3/2016,276,250
1/4/2016,396,383
1/5/2016,805,405
1/6/2016,2774,361
1/7/2016,1777,307
1/8/2016,925,248
1/9/2016,776,254
1/10/2016,589,257
1/11/2016,555,53
1/12/2016,460,57
1/13/2016,484,46
1/14/2016,479,41
1/15/2016,566,36
1/16/2016,488,439
1/17/2016,600,812
1/18/2016,1551,449
1/19/2016,2646,124
1/20/2016,1757,78
1/21/2016,1190,70
1/22/2016,1294,129
1/23/2016,2712,559
1/24/2016,1591,494
1/25/2016,1238,76
1/26/2016,893,62
1/27/2016,850,59
1/28/2016,665,60
1/29/2016,719,65
1/30/2016,1577,416
1/31/2016,2240,809
2/1/2016,1602,68
2/2/2016,1173,58
2/3/2016,1379,50
2/4/2016,908,51
2/5/2016,823,223
2/6/2016,646,234
2/7/2016,744,230
2/8/2016,798,231
2/9/2016,911,230
2/10/2016,1002,230
2/11/2016,904,242
2/12/2016,876,223
2/13/2016,861,225
2/14/2016,877,233
2/15/2016,894,231
2/16/2016,942,234
2/17/2016,1175,231
2/18/2016,1414,226
2/19/2016,1096,224
2/20/2016,960,231
2/21/2016,910,230
2/22/2016,826,231
2/23/2016,853,229
2/24/2016,901,235
2/25/2016,963,237
2/26/2016,1062,235
2/27/2016,1115,238
2/28/2016,1144,237
2/29/2016,1061,233
3/1/2016,1143,235
3/2/2016,1242,233
3/3/2016,1316,240
3/4/2016,1545,253
3/5/2016,5216,260
3/6/2016,8139,253
3/7/2016,4814,244
3/8/2016,2762,222
3/9/2016,2733,228
3/10/2016,2031,228
3/11/2016,3615,311
3/12/2016,3198,245
3/13/2016,5889,394
3/14/2016,6450,222
3/15/2016,3426,119
3/16/2016,2549,191
3/17/2016,2264,181
3/18/2016,2202,181
3/19/2016,2226,254
3/20/2016,2091,227
3/21/2016,2824,235
3/22/2016,2014,240
3/23/2016,1675,239
3/24/2016,1577,250
3/25/2016,1783,239
3/26/2016,1792,235
3/27/2016,1966,231
3/28/2016,2112,241
3/29/2016,1697,240
3/30/2016,1450,247
3/31/2016,1331,245
4/1/2016,1460,165
4/2/2016,1858,162
4/3/2016,2364,193
4/4/2016,2522,652
4/5/2016,2971,600
4/6/2016,3079,453
4/7/2016,3515,796
4/8/2016,3797,711
4/9/2016,4915,257
4/10/2016,3680,135
4/11/2016,3157,355
4/12/2016,3013,58
4/13/2016,3099,381
4/14/2016,2919,517
4/15/2016,2622,618
4/16/2016,2327,490
4/17/2016,2845,648
4/18/2016,3512,670
4/19/2016,3481,406
4/20/2016,3986,670
4/21/2016,3827,381
4/22/2016,4063,790
4/23/2016,2949,982
4/24/2016,2701,805
4/25/2016,2398,748
4/26/2016,2016,693
4/27/2016,2025,718
4/28/2016,1874,560
4/29/2016,2023,443
4/30/2016,2163,536
5/1/2016,2203,730
5/2/2016,2016,840
5/3/2016,2275,952
5/4/2016,2721,757
5/5/2016,2954,1165
5/6/2016,2964,999
5/7/2016,2516,937
5/8/2016,2311,1225
5/9/2016,2524,1330
5/10/2016,3689,1141
5/11/2016,4002,1159
5/12/2016,4524,1292
5/13/2016,4917,787
5/14/2016,4842,1301
5/15/2016,4347,1149
5/16/2016,3793,1327
5/17/2016,3543,1442
5/18/2016,3717,1582
5/19/2016,3922,1616
5/20/2016,3698,1424
5/21/2016,2456,1292
5/22/2016,1986,1437
5/23/2016,1891,1248
5/24/2016,1815,1472
5/25/2016,1740,1602
5/26/2016,1789,1467
5/27/2016,1946,1255
5/28/2016,2347,1563
5/29/2016,2690,1304
5/30/2016,2747,1379
5/31/2016,3208,1625
6/1/2016,3541,1507
6/2/2016,3501,1668
6/3/2016,3326,1296
6/4/2016,3394,1566
6/5/2016,3204,1871
6/6/2016,3004,1500
6/7/2016,2897,1794
6/8/2016,2849,1383
6/9/2016,2523,1341
6/10/2016,2201,1283
6/11/2016,1675,1602
6/12/2016,2133,1479
6/13/2016,2233,1626
6/14/2016,1656,1339
6/15/2016,1451,1646
6/16/2016,1260,1649
6/17/2016,1132,1496
6/18/2016,1126,1513
6/19/2016,1206,1641
6/20/2016,1128,1684
6/21/2016,1366,1535
6/22/2016,1367,1513
6/23/2016,1222,1295
6/24/2016,1036,1471
6/25/2016,946,1668
6/26/2016,918,1376
6/27/2016,832,1887
6/28/2016,867,1730
6/29/2016,894,1611
6/30/2016,835,1742
7/1/2016,718,2027
7/2/2016,676,1650
7/3/2016,620,1827
7/4/2016,534,1668
7/5/2016,533,1780
7/6/2016,480,1934
7/7/2016,443,1846
7/8/2016,441,1745
7/9/2016,340,1548
7/10/2016,404,1515
7/11/2016,380,1444
7/12/2016,316,1651
7/13/2016,266,1781
7/14/2016,269,1892
7/15/2016,252,1891
7/16/2016,222,1651
7/17/2016,147,1593
7/18/2016,207,2008
7/19/2016,204,1682
7/20/2016,220,1470
7/21/2016,178,1602
7/22/2016,160,1513
7/23/2016,178,1524
7/24/2016,157,1544
7/25/2016,122,1677
7/26/2016,173,1593
7/27/2016,106,1757
7/28/2016,129,1751
7/29/2016,52,1818
7/30/2016,121,1899
7/31/2016,153,1732
8/1/2016,118,1900
8/2/2016,157,1510
8/3/2016,128,1496
8/4/2016,103,1611
8/5/2016,143,1624
8/6/2016,146,1455
8/7/2016,116,1668
8/8/2016,99,1357
8/9/2016,110,1444
8/10/2016,81,1308
8/11/2016,106,1369
8/12/2016,87,1264
8/13/2016,84,1176
8/14/2016,73,1161
8/15/2016,0,1115
8/16/2016,98,1240
8/17/2016,79,1235
8/18/2016,55,1564
8/19/2016,112,1477
8/20/2016,115,1357
8/21/2016,64,1397
8/22/2016,103,1431
8/23/2016,93,1182
8/24/2016,97,1183
8/25/2016,59,1238
8/26/2016,74,1190
8/27/2016,67,1179
8/28/2016,111,1181
8/29/2016,68,1172
8/30/2016,89,1152
8/31/2016,90,1167
9/1/2016,53,1071
9/2/2016,63,1190
9/3/2016,96,1050
9/4/2016,86,908
9/5/2016,89,1075
9/6/2016,0,1012
9/7/2016,92,831
9/8/2016,73,1031
9/9/2016,101,892
9/10/2016,41,976
9/11/2016,103,888
9/12/2016,8,1246
9/13/2016,98,860
9/14/2016,102,1061
9/15/2016,64,929
9/16/2016,75,939
9/17/2016,52,859
9/18/2016,108,931
9/19/2016,83,779
9/20/2016,54,872
9/21/2016,136,810
9/22/2016,89,1062
9/23/2016,52,915
9/24/2016,92,970
9/25/2016,62,1061
9/26/2016,0,815
9/27/2016,99,794
9/28/2016,101,796
9/29/2016,236,790
9/30/2016,87,829
10/1/2016,0,664
10/2/2016,47,819
10/3/2016,118,991
10/4/2016,31,935
10/5/2016,79,658
10/6/2016,101,712
10/7/2016,82,776
10/8/2016,87,763
10/9/2016,0,882
10/10/2016,53,858
10/11/2016,20,1023
10/12/2016,124,708
10/13/2016,118,1213
10/14/2016,48,578
10/15/2016,49,462
10/16/2016,171,534
10/17/2016,1832,609
10/18/2016,769,1298
10/19/2016,436,1080
10/20/2016,358,720
10/21/2016,301,662
10/22/2016,276,571
10/23/2016,206,813
10/24/2016,223,861
10/25/2016,485,697
10/26/2016,365,463
10/27/2016,413,347
10/28/2016,2518,207
10/29/2016,2102,317
10/30/2016,3188,167
10/31/2016,2685,476
11/1/2016,1680,48
11/2/2016,1079,71
11/3/2016,822,68
11/4/2016,686,69
11/5/2016,635,72
11/6/2016,568,68
11/7/2016,518,69
11/8/2016,450,69
11/9/2016,350,1319
11/10/2016,350,764
11/11/2016,367,74
11/12/2016,389,79
11/13/2016,336,77
11/14/2016,334,75
11/15/2016,287,65
11/16/2016,271,64
11/17/2016,227,71
11/18/2016,205,171
11/19/2016,200,355
11/20/2016,297,280
11/21/2016,147,995
11/22/2016,216,803
11/23/2016,272,427
11/24/2016,258,206
11/25/2016,173,260
11/26/2016,434,261
11/27/2016,363,277
11/28/2016,317,334
11/29/2016,263,401
11/30/2016,301,231
12/1/2016,276,242
12/2/2016,268,216
12/3/2016,243,364
12/4/2016,245,313
12/5/2016,271,323
12/6/2016,258,172
12/7/2016,324,168
12/8/2016,330,261
12/9/2016,555,262
12/10/2016,1357,266
12/11/2016,2570,271
12/12/2016,1233,375
12/13/2016,912,298
12/14/2016,779,268
12/15/2016,7877,328
12/16/2016,7591,101
12/17/2016,2318,271
12/18/2016,1555,302
12/19/2016,1227,438
12/20/2016,1127,243
12/21/2016,976,240
12/22/2016,900,257
12/23/2016,1220,253
12/24/2016,1065,266
12/25/2016,812,278
12/26/2016,664,351
12/27/2016,746,269
12/28/2016,771,234
12/29/2016,724,283
12/30/2016,727,266
12/31/2016,727,266
1/1/2017,653,229
1/2/2017,597,326
1/3/2017,739,353
1/4/2017,4452,327
1/5/2017,5009,292
1/6/2017,2244,230
1/7/2017,7310,149
1/8/2017,27585,383
1/9/2017,22674,250
1/10/2017,20086,419
1/11/2017,12237,296
1/12/2017,8506,168
1/13/2017,5413,128
1/14/2017,3972,307
1/15/2017,3187,418
1/16/2017,2766,616
1/17/2017,2819,632
1/18/2017,2751,929
1/19/2017,3303,1473
1/20/2017,7247,1905
1/21/2017,4895,1993
1/22/2017,7532,2006
1/23/2017,7102,2439
1/24/2017,4406,1733
1/25/2017,3129,2509
1/26/2017,2757,2474
1/27/2017,2367,2480
1/28/2017,2163,2474
1/29/2017,2077,2472
1/30/2017,2048,2499
1/31/2017,1922,2711
2/1/2017,1849,3198
2/2/2017,1962,3055
2/3/2017,4848,2997
2/4/2017,3423,3002
2/5/2017,3086,3002
2/6/2017,4770,3503
2/7/2017,28227,4021
2/8/2017,21878,4933
2/9/2017,18565,3401
2/10/2017,28314,3748
2/11/2017,12447,4997
2/12/2017,7768,5775
2/13/2017,5866,5900
2/14/2017,4917,5948
2/15/2017,4326,5952
2/16/2017,5312,6833
2/17/2017,5792,5627
2/18/2017,5609,5939
2/19/2017,5035,5200
2/20/2017,15808,4409
2/21/2017,13185,5914
2/22/2017,8789,7564
2/23/2017,6238,7600
2/24/2017,4988,7600
2/25/2017,4357,7600
2/26/2017,3803,7600
2/27/2017,3532,7605
2/28/2017,3054,7597
3/1/2017,2924,7599
3/2/2017,2605,7602
3/3/2017,2904,7599
3/4/2017,2974,6387
3/5/2017,2976,7319
3/6/2017,2615,7808
3/7/2017,2498,7798
3/8/2017,2520,7800
3/9/2017,2478,7800
3/10/2017,2683,7802
3/11/2017,2602,7800
3/12/2017,2686,7800
3/13/2017,3002,7802
3/14/2017,3216,7533
3/15/2017,3576,7509
3/16/2017,3806,7220
3/17/2017,4046,7208
3/18/2017,4096,7210
3/19/2017,3889,7211
3/20/2017,3178,7208
3/21/2017,7263,5238
3/22/2017,6456,6710
3/23/2017,4383,6912
3/24/2017,4140,6320
3/25/2017,4196,6785
3/26/2017,3925,6912
3/27/2017,3611,6909
3/28/2017,3340,6912
3/29/2017,3446,6909
3/30/2017,4389,6540
3/31/2017,3817,6517
4/1/2017,3642,6510
4/2/2017,4133,6508
4/3/2017,4517,5857
4/4/2017,4277,5797
4/5/2017,4389,5798
4/6/2017,4616,5813
4/7/2017,6332,4875
4/8/2017,5968,4793
4/9/2017,4299,4795
4/10/2017,3805,4796
4/11/2017,3390,4976
4/12/2017,3476,5005
4/13/2017,4380,5000
4/14/2017,3683,4999
4/15/2017,3452,4994
4/16/2017,3571,5007
4/17/2017,4791,4995
4/18/2017,9989,5002
4/19/2017,6854,5508
4/20/2017,5698,5491
4/21/2017,5677,5988
4/22/2017,6206,5999
4/23/2017,6315,6004
4/24/2017,6028,6003
4/25/2017,5128,6476
4/26/2017,5445,6505
4/27/2017,6035,6499
4/28/2017,5851,6675
4/29/2017,5600,6758
4/30/2017,6193,6860
5/1/2017,7253,6868
5/2/2017,8187,6877
5/3/2017,9584,6874
5/4/2017,10669,6872
5/5/2017,10710,6508
5/6/2017,9147,6500
5/7/2017,7003,6497
5/8/2017,6744,6497
5/9/2017,7417,5658
5/10/2017,8182,5503
5/11/2017,8877,5504
5/12/2017,8270,5499
5/13/2017,5933,5497
5/14/2017,5283,5500
5/15/2017,4881,5099
5/16/2017,4128,4999
5/17/2017,4522,3432
5/18/2017,3795,3469
5/19/2017,4838,3526
5/20/2017,6090,3566
5/21/2017,7127,3563
5/22/2017,8269,3560
5/23/2017,8926,3549
5/24/2017,9219,4013
5/25/2017,8650,3996
5/26/2017,7881,3999
5/27/2017,7757,3554
5/28/2017,7854,3499
5/29/2017,8071,3499
5/30/2017,8287,2350
5/31/2017,7994,2449
6/1/2017,6537,2471
6/2/2017,7658,2541
6/3/2017,9057,2483
6/4/2017,8706,2465
6/5/2017,8100,2299
6/6/2017,7460,2473
6/7/2017,7097,2132
6/8/2017,6456,2532
6/9/2017,6407,2357
6/10/2017,6795,2187
6/11/2017,5642,2507
6/12/2017,3780,3077
6/13/2017,3442,3977
6/14/2017,4508,4006
6/15/2017,5441,4000
6/16/2017,6217,3999
6/17/2017,7514,4003
6/18/2017,7904,4000
6/19/2017,8001,4005
6/20/2017,7742,3997
6/21/2017,7515,4510
6/22/2017,7202,3558
6/23/2017,6679,3503
6/24/2017,5919,3502
6/25/2017,4924,3484
6/26/2017,5033,2072
6/27/2017,4377,2218
6/28/2017,3642,2080
6/29/2017,3297,2764
6/30/2017,3332,4647
7/1/2017,3403,4502
7/2/2017,3115,4000
7/3/2017,3087,3512
7/4/2017,3247,3494
7/5/2017,2866,3502
7/6/2017,2728,3505
7/7/2017,2968,3497
7/8/2017,2699,3473
7/9/2017,2649,2156
7/10/2017,2298,2052
7/11/2017,2114,2536
7/12/2017,1843,2371
7/13/2017,1667,2265
7/14/2017,1689,2181
7/15/2017,1672,2234
7/16/2017,1587,2148
7/17/2017,1498,2130
7/18/2017,1322,2058
7/19/2017,1197,2316
7/20/2017,1151,2198
7/21/2017,1111,2262
7/22/2017,1044,2297
7/23/2017,1077,2153
7/24/2017,1118,1985
7/25/2017,1146,2116
7/26/2017,1071,2419
7/27/2017,910,2497
7/28/2017,836,2040
7/29/2017,734,2075
7/30/2017,734,2071
7/31/2017,695,1962
8/1/2017,677,2009
8/2/2017,674,2174
8/3/2017,663,2226
8/4/2017,848,2036
8/5/2017,865,2118
8/6/2017,1270,2047
8/7/2017,883,1794
8/8/2017,684,2032
8/9/2017,568,2149
8/10/2017,559,2070
8/11/2017,559,1871
8/12/2017,447,1882
8/13/2017,172,2038
8/14/2017,397,1991
8/15/2017,371,1895
8/16/2017,438,1694
8/17/2017,374,1727
8/18/2017,416,1766
8/19/2017,388,1801
8/20/2017,370,1780
8/21/2017,422,1697
8/22/2017,341,1679
8/23/2017,375,1645
8/24/2017,286,1715
8/25/2017,319,1583
8/26/2017,290,1842
8/27/2017,291,1741
8/28/2017,240,1751
8/29/2017,303,1810
8/30/2017,263,2054
8/31/2017,215,2095
9/1/2017,229,2294
9/2/2017,245,2207
9/3/2017,198,2154
9/4/2017,221,2012
9/5/2017,285,2071
9/6/2017,0,2107
9/7/2017,233,2161
9/8/2017,237,2095
9/9/2017,224,2046
9/10/2017,174,2175
9/11/2017,166,2006
9/12/2017,172,2129
9/13/2017,266,2062
9/14/2017,226,2139
9/15/2017,241,2116
9/16/2017,210,2049
9/17/2017,206,1978
9/18/2017,141,2117
9/19/2017,137,2136
9/20/2017,172,2104
9/21/2017,255,1766
9/22/2017,267,1478
9/23/2017,198,1613
9/24/2017,215,1538
9/25/2017,0,1497
9/26/2017,193,1654
9/27/2017,227,1800
9/28/2017,166,2083
9/29/2017,214,2007
9/30/2017,190,2150
10/1/2017,167,2063
10/2/2017,173,1975
10/3/2017,130,2097
10/4/2017,138,2154
10/5/2017,151,2074
10/6/2017,134,2163
10/7/2017,164,2267
10/8/2017,0,1906
10/9/2017,161,1471
10/10/2017,163,968
10/11/2017,90,2086
10/12/2017,215,2036
10/13/2017,129,2106
10/14/2017,183,2016
10/15/2017,0,2363
10/16/2017,157,2352
10/17/2017,139,2322
10/18/2017,161,2254
10/19/2017,166,2754
10/20/2017,171,2400
10/21/2017,277,2599
10/22/2017,282,2173
10/23/2017,213,2069
10/24/2017,197,1862
10/25/2017,225,1937
10/26/2017,228,1521
10/27/2017,112,1014
10/28/2017,141,810
10/29/2017,131,646
10/30/2017,0,846
10/31/2017,70,480
11/1/2017,103,51
11/2/2017,68,42
11/3/2017,123,46
11/4/2017,58,426
11/5/2017,47,712
11/6/2017,130,386
11/7/2017,0,297
11/8/2017,8,287
11/9/2017,98,481
11/10/2017,103,383
11/11/2017,41,295
11/12/2017,83,287
11/13/2017,93,42
11/14/2017,74,48
11/15/2017,125,49
11/16/2017,1072,53
11/17/2017,2345,45
11/18/2017,757,475
11/19/2017,434,946
11/20/2017,347,398
11/21/2017,369,318
11/22/2017,343,292
11/23/2017,414,285
11/24/2017,380,278
11/25/2017,382,279
11/26/2017,541,285
11/27/2017,718,256
11/28/2017,612,252
11/29/2017,566,26
11/30/2017,439,182
12/1/2017,368,32
12/2/2017,319,242
12/3/2017,259,336
12/4/2017,310,697
12/5/2017,213,290
12/6/2017,205,360
12/7/2017,200,174
12/8/2017,247,232
12/9/2017,210,55
12/10/2017,183,54
12/11/2017,182,285
12/12/2017,158,81
12/13/2017,191,165
12/14/2017,100,306
12/15/2017,185,442
12/16/2017,170,170
12/17/2017,165,165
12/18/2017,157,285
12/19/2017,132,312
12/20/2017,169,375
12/21/2017,97,431
12/22/2017,137,265
12/23/2017,182,259
12/24/2017,159,56
12/25/2017,180,52
12/26/2017,113,394
12/27/2017,164,344
12/28/2017,91,322
12/29/2017,129,257
12/30/2017,171,171
12/31/2017,171,171
1/1/2018,176,253
1/2/2018,137,265
1/3/2018,126,382
1/4/2018,0,263
1/5/2018,535,254
1/6/2018,246,220
1/7/2018,454,96
1/8/2018,1007,289
1/9/2018,1990,269
1/10/2018,1029,256
1/11/2018,695,257
1/12/2018,542,258
1/13/2018,497,263
1/14/2018,515,257
1/15/2018,412,231
1/16/2018,403,170
1/17/2018,415,182
1/18/2018,443,184
1/19/2018,444,262
1/20/2018,413,257
1/21/2018,311,260
1/22/2018,392,261
1/23/2018,336,284
1/24/2018,392,263
1/25/2018,292,370
1/26/2018,266,292
1/27/2018,286,260
1/28/2018,311,259
1/29/2018,286,260
1/30/2018,337,259
1/31/2018,283,257
2/1/2018,335,257
2/2/2018,309,257
2/3/2018,369,265
2/4/2018,370,266
2/5/2018,337,207
2/6/2018,345,189
2/7/2018,334,256
2/8/2018,329,251
2/9/2018,354,250
2/10/2018,354,250
2/11/2018,357,253
2/12/2018,301,248
2/13/2018,213,239
2/14/2018,288,236
2/15/2018,238,238
2/16/2018,264,186
2/17/2018,145,223
2/18/2018,172,224
2/19/2018,252,225
2/20/2018,163,216
2/21/2018,91,221
2/22/2018,247,221
2/23/2018,169,221
2/24/2018,185,237
2/25/2018,145,223
2/26/2018,332,307
2/27/2018,253,226
2/28/2018,129,285
3/1/2018,1677,400
3/2/2018,2932,550
3/3/2018,1499,449
3/4/2018,818,476
3/5/2018,570,438
3/6/2018,556,424
3/7/2018,579,526
3/8/2018,634,370
3/9/2018,506,347
3/10/2018,667,557
3/11/2018,602,575
3/12/2018,674,437
3/13/2018,2929,493
3/14/2018,3234,463
3/15/2018,1644,493
3/16/2018,3008,454
3/17/2018,1793,444
3/18/2018,1257,554
3/19/2018,1034,519
3/20/2018,1032,354
3/21/2018,4655,865
3/22/2018,31280,175
3/23/2018,7932,28
3/24/2018,4209,107
3/25/2018,3366,194
3/26/2018,2177,343
3/27/2018,1845,699
3/28/2018,1848,367
3/29/2018,2166,438
3/30/2018,2316,1556
3/31/2018,2671,2914
4/1/2018,2703,2734
4/2/2018,2759,3608
4/3/2018,2947,4493
4/4/2018,2929,4440
4/5/2018,3044,4435
4/6/2018,5005,1957
4/7/2018,18085,4263
4/8/2018,10271,4404
4/9/2018,6462,5016
4/10/2018,5435,4996
4/11/2018,4715,4147
4/12/2018,3853,4010
4/13/2018,3052,1570
4/14/2018,3359,2220
4/15/2018,3093,2239
4/16/2018,3262,1929
4/17/2018,2509,1395
4/18/2018,2384,1683
4/19/2018,1996,2060
4/20/2018,1866,1770
4/21/2018,2110,2047
4/22/2018,3001,1979
4/23/2018,3557,1669
4/24/2018,3702,1614
4/25/2018,3993,1219
4/26/2018,4140,1483
4/27/2018,4338,1114
4/28/2018,3682,1260
4/29/2018,2861,1449
4/30/2018,2275,1519
5/1/2018,2183,1919
5/2/2018,1877,1712
5/3/2018,1882,2046
5/4/2018,2326,1898
5/5/2018,2791,1802
5/6/2018,2892,1306
5/7/2018,3083,1526
5/8/2018,3410,2049
5/9/2018,3851,1954
5/10/2018,3404,1801
5/11/2018,2870,1766
5/12/2018,2241,1840
5/13/2018,1914,1914
5/14/2018,1834,2001
5/15/2018,1900,1900
5/16/2018,1842,1904
5/17/2018,1351,1379
5/18/2018,1855,1486
5/19/2018,2203,1365
5/20/2018,1999,1697
5/21/2018,1894,1322
5/22/2018,1929,1560
5/23/2018,2030,1626
5/24/2018,2076,1503
5/25/2018,2259,3019
5/26/2018,1645,2604
5/27/2018,1455,2696
5/28/2018,1538,1605
5/29/2018,1654,1620
5/30/2018,1675,1473
5/31/2018,1752,1448
6/1/2018,1482,1582
6/2/2018,1401,2009
6/3/2018,1499,2072
6/4/2018,1479,1782
6/5/2018,1453,1823
6/6/2018,1283,2091
6/7/2018,1255,1794
6/8/2018,1070,1775
6/9/2018,1106,1710
6/10/2018,980,1819
6/11/2018,922,1759
6/12/2018,924,1525
6/13/2018,940,1775
6/14/2018,933,1639
6/15/2018,911,1411
6/16/2018,760,1560
6/17/2018,701,1698
6/18/2018,649,1711
6/19/2018,560,2017
6/20/2018,580,1737
6/21/2018,570,1791
6/22/2018,563,1912
6/23/2018,521,1933
6/24/2018,396,1968
6/25/2018,588,1765
6/26/2018,499,1804
6/27/2018,472,1741
6/28/2018,441,1804
6/29/2018,498,3183
6/30/2018,261,3477
7/1/2018,465,1690
7/2/2018,344,2177
7/3/2018,355,2118
7/4/2018,352,1854
7/5/2018,221,1946
7/6/2018,363,1667
7/7/2018,306,1733
7/8/2018,207,1851
7/9/2018,233,1873
7/10/2018,221,2043
7/11/2018,269,2118
7/12/2018,217,1933
7/13/2018,268,2104
7/14/2018,256,1961
7/15/2018,372,1733
7/16/2018,254,2046
7/17/2018,198,1767
7/18/2018,264,2012
7/19/2018,234,2097
7/20/2018,195,2053
7/21/2018,0,2199
7/22/2018,225,2099
7/23/2018,279,1906
7/24/2018,297,1799
7/25/2018,241,1918
7/26/2018,220,2040
7/27/2018,202,1986
7/28/2018,204,2101
7/29/2018,143,2093
7/30/2018,201,1937
7/31/2018,208,1764
8/1/2018,116,1870
8/2/2018,146,1896
8/3/2018,160,1960
8/4/2018,100,1866
8/5/2018,105,1635
8/6/2018,159,1770
8/7/2018,135,1827
8/8/2018,0,1767
8/9/2018,109,1904
8/10/2018,82,1812
8/11/2018,161,1717
8/12/2018,182,1535
8/13/2018,36,1358
8/14/2018,99,1501
8/15/2018,117,1487
8/16/2018,95,1545
8/17/2018,86,1450
8/18/2018,135,1329
8/19/2018,130,1347
8/20/2018,68,1639
8/21/2018,68,1743
8/22/2018,109,1696
8/23/2018,55,1311
8/24/2018,121,1291
8/25/2018,101,1322
8/26/2018,110,1274
8/27/2018,85,1272
8/28/2018,62,1247
8/29/2018,117,1325
8/30/2018,125,1437
8/31/2018,82,1443
9/1/2018,113,1363
9/2/2018,95,1341
9/3/2018,14,1363
9/4/2018,124,1178
9/5/2018,59,1138
9/6/2018,103,891
9/7/2018,65,1164
9/8/2018,68,1217
9/9/2018,20,1504
9/10/2018,38,1750
9/11/2018,30,1607
9/12/2018,0,1738
9/13/2018,0,1748
9/14/2018,0,1844
9/15/2018,118,1794
9/16/2018,33,1551
9/17/2018,60,1649
9/18/2018,13,1695
9/19/2018,36,1587
9/20/2018,37,1533
9/21/2018,10,1599
9/22/2018,49,1484
9/23/2018,39,1444
9/24/2018,48,1228
9/25/2018,43,1292
9/26/2018,70,803
9/27/2018,74,977
9/28/2018,56,981
9/29/2018,83,1007
9/30/2018,0,852
10/1/2018,39,934
10/2/2018,101,752
10/3/2018,137,860
10/4/2018,225,874
10/5/2018,151,1039
10/6/2018,70,790
10/7/2018,0,716
10/8/2018,161,854
10/9/2018,62,920
10/10/2018,57,438
10/11/2018,137,779
10/12/2018,65,754
10/13/2018,87,632
10/14/2018,68,683
10/15/2018,57,861
10/16/2018,30,1020
10/17/2018,41,1100
10/18/2018,80,1418
10/19/2018,67,1282
10/20/2018,46,1026
10/21/2018,65,996
10/22/2018,36,1057
10/23/2018,43,761
10/24/2018,95,650
10/25/2018,88,665
10/26/2018,65,825
10/27/2018,67,1102
10/28/2018,65,1098
10/29/2018,55,1130
10/30/2018,68,866
10/31/2018,0,435
11/1/2018,54,31
11/2/2018,4,27
11/3/2018,25,25
11/4/2018,0,26
11/5/2018,25,25
11/6/2018,26,26
11/7/2018,28,28
11/8/2018,31,31
11/9/2018,5,28
11/10/2018,0,1704
11/11/2018,0,930
11/12/2018,21,43
11/13/2018,27,27
11/14/2018,7,29
11/15/2018,74,29
11/16/2018,18,40
11/17/2018,52,52
11/18/2018,35,35
11/19/2018,58,35
11/20/2018,0,35
11/21/2018,66,969
11/22/2018,234,842
11/23/2018,443,262
11/24/2018,285,443
11/25/2018,226,249
11/26/2018,186,51
11/27/2018,180,67
11/28/2018,519,69
11/29/2018,1506,60
11/30/2018,736,441
12/1/2018,701,634
12/2/2018,330,262
12/3/2018,354,150
12/4/2018,200,200
12/5/2018,341,137
12/6/2018,237,168
12/7/2018,290,241
12/8/2018,215,99
12/9/2018,257,189
12/10/2018,213,213
12/11/2018,155,182
12/12/2018,168,123
12/13/2018,208,134
12/14/2018,123,441
12/15/2018,175,289
12/16/2018,303,212
12/17/2018,377,173
12/18/2018,138,138
12/19/2018,268,150
12/20/2018,244,171
12/21/2018,173,173
12/22/2018,196,218
12/23/2018,210,164
12/24/2018,312,40
12/25/2018,374,142
12/26/2018,191,254
12/27/2018,248,294
12/28/2018,195,127
12/29/2018,202,134
12/30/2018,178,155
12/31/2018,178,155
1/1/2019,146,146
1/2/2019,130,176
1/3/2019,183,160
1/4/2019,185,140
1/5/2019,199,222
1/6/2019,578,305
1/7/2019,673,172
1/8/2019,477,136
1/9/2019,587,62
1/10/2019,596,25
1/11/2019,461,26
1/12/2019,346,26
1/13/2019,325,26
1/14/2019,346,26
1/15/2019,486,73
1/16/2019,3188,145
1/17/2019,5631,132
1/18/2019,1933,76
1/19/2019,1267,88
1/20/2019,1257,144
1/21/2019,1476,147
1/22/2019,1010,391
1/23/2019,918,36
1/24/2019,778,37
1/25/2019,710,40
1/26/2019,682,36
1/27/2019,584,32
1/28/2019,647,215
1/29/2019,647,166
1/30/2019,603,170
1/31/2019,571,161
2/1/2019,784,108
2/2/2019,194,222
2/3/2019,9357,258
2/4/2019,9215,189
2/5/2019,4132,112
2/6/2019,2846,110
2/7/2019,1839,386
2/8/2019,1678,534
2/9/2019,2519,613
2/10/2019,4026,796
2/11/2019,2205,1017
2/12/2019,1754,1860
2/13/2019,5087,4214
2/14/2019,16679,3993
2/15/2019,9150,4022
2/16/2019,6612,5258
2/17/2019,4711,5098
2/18/2019,3540,5608
2/19/2019,2943,5904
2/20/2019,2795,5900
2/21/2019,2331,5899
2/22/2019,2095,5902
2/23/2019,3023,5902
2/24/2019,1978,5900
2/25/2019,1807,5900
2/26/2019,1999,5899
2/27/2019,2137,5900
2/28/2019,2277,4489
3/1/2019,2012,1785
3/2/2019,5093,1807
3/3/2019,4332,1922
3/4/2019,3504,1882
3/5/2019,3622,2252
3/6/2019,7018,1808
3/7/2019,7045,1982
3/8/2019,5048,2707
3/9/2019,3737,2008
3/10/2019,3192,2093
3/11/2019,2725,1140
3/12/2019,2377,1054
3/13/2019,2184,966
3/14/2019,2034,1248
3/15/2019,1959,3260
3/16/2019,1941,3156
3/17/2019,1895,3162
3/18/2019,2011,3166
3/19/2019,2194,3052
3/20/2019,2658,3114
3/21/2019,2124,3032
3/22/2019,2133,3040
3/23/2019,2363,3055
3/24/2019,1996,3059
3/25/2019,1947,3060
3/26/2019,1980,3064
3/27/2019,3231,2491
3/28/2019,3031,3929
3/29/2019,2565,5328
3/30/2019,2270,5300
3/31/2019,2164,5302
4/1/2019,2375,5286
4/2/2019,2886,1446
4/3/2019,2537,1429
4/4/2019,2572,2107
4/5/2019,2513,2254
4/6/2019,2253,2123
4/7/2019,2402,2040
4/8/2019,2981,1814
4/9/2019,3522,2352
4/10/2019,2922,2636
4/11/2019,2891,2656
4/12/2019,2472,2290
4/13/2019,2594,2750
4/14/2019,3179,2553
4/15/2019,3575,2321
4/16/2019,2849,2481
4/17/2019,3574,1262
4/18/2019,3654,1646
4/19/2019,1386,1417
4/20/2019,4828,1293
4/21/2019,4336,1369
4/22/2019,4483,1194
4/23/2019,5049,1214
4/24/2019,6315,1226
4/25/2019,7423,1352
4/26/2019,7877,1131
4/27/2019,8156,1319
4/28/2019,7139,1762
4/29/2019,6868,2968
4/30/2019,6427,2051
5/1/2019,5339,2809
5/2/2019,5260,2449
5/3/2019,5855,2366
5/4/2019,6189,2950
5/5/2019,6435,3604
5/6/2019,6460,3522
5/7/2019,7292,3475
5/8/2019,7288,3442
5/9/2019,7148,3465
5/10/2019,6440,3455
5/11/2019,6243,3560
5/12/2019,7017,3206
5/13/2019,7323,3486
5/14/2019,7472,3706
5/15/2019,6972,3733
5/16/2019,6766,4781
5/17/2019,4886,5505
5/18/2019,4650,5495
5/19/2019,4753,5500
5/20/2019,3647,6011
5/21/2019,3933,5999
5/22/2019,3330,6510
5/23/2019,3272,6499
5/24/2019,3164,6498
5/25/2019,3785,6502
5/26/2019,4363,6500
5/27/2019,3309,5502
5/28/2019,3458,5486
5/29/2019,4071,5502
5/30/2019,4481,5040
5/31/2019,4914,5007
6/1/2019,4655,5997
6/2/2019,5248,5000
6/3/2019,6273,5000
6/4/2019,7415,3984
6/5/2019,8826,3860
6/6/2019,9210,3624
6/7/2019,8075,3818
6/8/2019,7141,3886
6/9/2019,6949,3968
6/10/2019,7169,4140
6/11/2019,7687,4084
6/12/2019,8722,3972
6/13/2019,8363,4113
6/14/2019,7857,3476
6/15/2019,7455,4294
6/16/2019,6824,3679
6/17/2019,6441,3826
6/18/2019,6169,2382
6/19/2019,6441,2770
6/20/2019,6113,3285
6/21/2019,5224,2869
6/22/2019,4340,2846
6/23/2019,4063,2984
6/24/2019,4136,2602
6/25/2019,3806,2654
6/26/2019,3500,1749
6/27/2019,3062,2500
6/28/2019,2688,1775
6/29/2019,2204,1934
6/30/2019,2499,1901
7/1/2019,2605,2007
7/2/2019,2835,1919
7/3/2019,2445,1882
7/4/2019,2239,2062
7/5/2019,2219,2008
7/6/2019,2278,1784
7/7/2019,2245,1891
7/8/2019,1866,2184
7/9/2019,2126,2317
7/10/2019,1881,1951
7/11/2019,1980,2122
7/12/2019,1945,1839
7/13/2019,1793,1970
7/14/2019,1468,1997
7/15/2019,1475,1792
7/16/2019,1308,1555
7/17/2019,1239,1731
7/18/2019,1147,2518
7/19/2019,1193,2210
7/20/2019,1098,2326
7/21/2019,1101,1941
7/22/2019,1070,1873
7/23/2019,950,1988
7/24/2019,939,2262
7/25/2019,1085,2301
7/26/2019,1931,2140
7/27/2019,1267,2030
7/28/2019,969,1836
7/29/2019,829,1936
7/30/2019,723,2002
7/31/2019,613,2026
8/1/2019,585,1996
8/2/2019,516,2092
8/3/2019,493,2068
8/4/2019,463,1932
8/5/2019,487,2020
8/6/2019,439,2003
8/7/2019,351,1979
8/8/2019,468,1822
8/9/2019,426,1979
8/10/2019,426,1908
8/11/2019,396,1807
8/12/2019,313,2056
8/13/2019,285,1958
8/14/2019,294,1828
8/15/2019,301,1798
8/16/2019,320,1846
8/17/2019,237,1891
8/18/2019,328,1881
8/19/2019,282,1764
8/20/2019,288,1799
8/21/2019,279,1722
8/22/2019,251,1788
8/23/2019,233,1799
8/24/2019,248,1581
8/25/2019,217,1743
8/26/2019,277,1991
8/27/2019,291,1969
8/28/2019,188,1894
8/29/2019,0,1907
8/30/2019,281,2070
8/31/2019,265,2018
9/1/2019,194,2068
9/2/2019,229,2129
9/3/2019,226,1960
9/4/2019,229,1268
9/5/2019,161,3390
9/6/2019,163,3559
9/7/2019,208,3150
9/8/2019,110,3037
9/9/2019,203,2319
9/10/2019,216,1653
9/11/2019,177,1579
9/12/2019,266,3363
9/13/2019,214,3354
9/14/2019,244,3215
9/15/2019,244,3200
9/16/2019,0,3356
9/17/2019,312,3114
9/18/2019,265,3287
9/19/2019,292,2977
9/20/2019,259,3768
9/21/2019,238,3235
9/22/2019,296,3076
9/23/2019,277,3553
9/24/2019,298,4285
9/25/2019,331,4063
9/26/2019,271,4280
9/27/2019,302,4415
9/28/2019,351,4018
9/29/2019,306,4322
9/30/2019,347,3797
10/1/2019,142,1533
10/2/2019,0,1325
10/3/2019,76,1325
10/4/2019,160,850
10/5/2019,165,854
10/6/2019,116,935
10/7/2019,150,994
10/8/2019,73,810
10/9/2019,123,675
10/10/2019,96,831
10/11/2019,132,892
10/12/2019,95,906
10/13/2019,123,1113
10/14/2019,135,1565
10/15/2019,125,1757
10/16/2019,55,1502
10/17/2019,161,1268
10/18/2019,23,1666
10/19/2019,0,1760
10/20/2019,79,1911
10/21/2019,220,1995
10/22/2019,165,2208
10/23/2019,127,2536
10/24/2019,161,2382
10/25/2019,127,2197
10/26/2019,166,1526
10/27/2019,47,1058
10/28/2019,100,666
10/29/2019,36,773
10/30/2019,0,825
10/31/2019,72,194
11/1/2019,98,49
11/2/2019,107,60
11/3/2019,118,289
11/4/2019,105,56
11/5/2019,60,60
11/6/2019,111,38
11/7/2019,84,35
11/8/2019,31,423
11/9/2019,35,768
11/10/2019,66,578
11/11/2019,82,301
11/12/2019,84,36
11/13/2019,63,39
11/14/2019,85,36
11/15/2019,88,282
11/16/2019,86,646
11/17/2019,101,272
11/18/2019,63,258
11/19/2019,111,257
11/20/2019,111,256
11/21/2019,62,256
11/22/2019,90,139
11/23/2019,133,61
11/24/2019,146,73
11/25/2019,57,57
11/26/2019,265,144
11/27/2019,242,269
11/28/2019,171,393
11/29/2019,45,434
11/30/2019,358,310
12/1/2019,1569,354
12/2/2019,681,559
12/3/2019,560,340
12/4/2019,608,292
12/5/2019,455,259
12/6/2019,362,192
12/7/2019,817,109
12/8/2019,1636,144
12/9/2019,668,227
12/10/2019,393,271
12/11/2019,416,293
12/12/2019,339,265
12/13/2019,556,360
12/14/2019,536,94
12/15/2019,318,96
12/16/2019,499,523
12/17/2019,341,366
12/18/2019,294,294
12/19/2019,489,169
12/20/2019,353,205
12/21/2019,257,84
12/22/2019,504,85
12/23/2019,581,334
12/24/2019,534,235
12/25/2019,428,82
12/26/2019,345,370
12/27/2019,321,470
12/28/2019,329,82
12/29/2019,329,82
12/30/2019,283,406
12/31/2019,283,406
1/1/2020,253,253
1/2/2020,258,357
1/3/2020,289,338
1/4/2020,285,87
1/5/2020,235,87
1/6/2020,277,524
1/7/2020,286,162
1/8/2020,290,290
1/9/2020,301,325
1/10/2020,229,328
1/11/2020,230,82
1/12/2020,309,86
1/13/2020,191,365
1/14/2020,289,388
1/15/2020,178,351
1/16/2020,357,282
1/17/2020,281,281
1/18/2020,260,87
1/19/2020,334,87
1/20/2020,312,361
1/21/2020,237,286
1/22/2020,265,315
1/23/2020,257,282
1/24/2020,255,279
1/25/2020,286,88
1/26/2020,349,77
1/27/2020,308,282
1/28/2020,321,346
1/29/2020,266,340
1/30/2020,296,345
1/31/2020,257,282
2/1/2020,309,86
2/2/2020,361,89
2/3/2020,288,313
2/4/2020,241,365
2/5/2020,248,322
2/6/2020,271,296
2/7/2020,234,309
2/8/2020,294,71
2/9/2020,270,71
2/10/2020,245,345
2/11/2020,260,359
2/12/2020,234,336
2/13/2020,240,289
2/14/2020,368,396
2/15/2020,371,74
2/16/2020,320,72
2/17/2020,237,336
2/18/2020,322,347
2/19/2020,294,343
2/20/2020,282,307
2/21/2020,251,275
2/22/2020,290,67
2/23/2020,308,61
2/24/2020,248,297
2/25/2020,300,324
2/26/2020,184,407
2/27/2020,362,114
2/28/2020,277,798
2/29/2020,340,761
3/1/2020,388,932
3/2/2020,381,826
3/3/2020,343,763
3/4/2020,308,801
3/5/2020,369,787
3/6/2020,376,745
3/7/2020,451,809
3/8/2020,430,798
3/9/2020,305,1285
3/10/2020,357,1067
3/11/2020,371,1054
3/12/2020,339,1022
3/13/2020,342,927
3/14/2020,443,1124
3/15/2020,1096,902
3/16/2020,2904,466
3/17/2020,1298,465
3/18/2020,898,285
3/19/2020,911,199
3/20/2020,589,418
3/21/2020,685,45
3/22/2020,694,53
3/23/2020,632,312
3/24/2020,719,299
3/25/2020,844,325
3/26/2020,781,459
3/27/2020,613,539
3/28/2020,595,570
3/29/2020,662,390
3/30/2020,553,578
3/31/2020,620,793
4/1/2020,744,646
4/2/2020,819,695
4/3/2020,783,609
4/4/2020,820,572
4/5/2020,3601,487
4/6/2020,3744,405
4/7/2020,2137,445
4/8/2020,1501,412
4/9/2020,1538,572
4/10/2020,1266,451
4/11/2020,1476,327
4/12/2020,1502,556
4/13/2020,1749,467
4/14/2020,1571,465
4/15/2020,1531,784
4/16/2020,1827,535
4/17/2020,2095,722
4/18/2020,2069,665
4/19/2020,1780,685
4/20/2020,1845,852
4/21/2020,1541,964
4/22/2020,1898,769
4/23/2020,2579,789
4/24/2020,3216,888
4/25/2020,3654,806
4/26/2020,3757,917
4/27/2020,3907,1048
4/28/2020,4012,1026
4/29/2020,4595,1150
4/30/2020,4483,1177
5/1/2020,3826,1275
5/2/2020,3269,1263
5/3/2020,2969,1319
5/4/2020,2608,1291
5/5/2020,2525,1304
5/6/2020,2764,337
5/7/2020,2796,1974
5/8/2020,3059,1838
5/9/2020,3211,1390
5/10/2020,3162,1392
5/11/2020,2782,1578
5/12/2020,2416,1556
5/13/2020,1853,1479
5/14/2020,1674,1358
5/15/2020,1415,1358
5/16/2020,1731,1300
5/17/2020,2182,1260
5/18/2020,5220,1514
5/19/2020,2975,1054
5/20/2020,2171,1238
5/21/2020,2017,1256
5/22/2020,1832,1189
5/23/2020,1667,1227
5/24/2020,1936,4166
5/25/2020,1748,1806
5/26/2020,2013,1925
5/27/2020,2191,1957
5/28/2020,2058,1323
5/29/2020,1841,1987
5/30/2020,1832,1391
5/31/2020,1448,1389
6/1/2020,1244,1626
6/2/2020,1095,1684
6/3/2020,1075,1749
6/4/2020,1121,1795
6/5/2020,1035,1532
6/6/2020,1034,1677
6/7/2020,868,1774
6/8/2020,742,1471
6/9/2020,632,1855
6/10/2020,587,1921
6/11/2020,576,1561
6/12/2020,620,1689
6/13/2020,734,1426
6/14/2020,641,1477
6/15/2020,506,1799
6/16/2020,5487,1695
6/17/2020,554,1671
6/18/2020,502,1843
6/19/2020,487,1654
6/20/2020,466,1574
6/21/2020,421,1697
6/22/2020,495,1712
6/23/2020,507,1578
6/24/2020,491,1477
6/25/2020,403,1639
6/26/2020,427,1856
6/27/2020,384,1752
6/28/2020,349,1325
6/29/2020,336,1782
6/30/2020,282,2028
7/1/2020,264,1893
7/2/2020,210,1778
7/3/2020,201,1681
7/4/2020,243,1555
7/5/2020,202,1618
7/6/2020,147,1777
7/7/2020,61,2251
7/8/2020,211,2256
7/9/2020,270,3773
7/10/2020,367,3366
7/11/2020,368,3897
7/12/2020,404,3930
7/13/2020,390,3964
7/14/2020,409,4133
7/15/2020,426,4015
7/16/2020,394,3978
7/17/2020,241,4019
7/18/2020,387,3983
7/19/2020,369,3908
7/20/2020,403,3743
7/21/2020,337,3506
7/22/2020,167,1900
7/23/2020,134,1739
7/24/2020,123,1913
7/25/2020,131,1937
7/26/2020,108,1859
7/27/2020,97,1935
7/28/2020,138,1545
7/29/2020,131,1667
7/30/2020,124,2043
7/31/2020,124,1991
8/1/2020,110,1762
8/2/2020,107,1792
8/3/2020,104,1970
8/4/2020,101,1603
8/5/2020,118,1697
8/6/2020,97,1560
8/7/2020,96,1848
8/8/2020,95,1586
8/9/2020,56,1616
8/10/2020,77,1537
8/11/2020,61,1669
8/12/2020,88,1533
8/13/2020,75,1521
8/14/2020,68,1463
8/15/2020,68,1303
8/16/2020,67,893
8/17/2020,67,1444
8/18/2020,67,1520
8/19/2020,66,1577
8/20/2020,66,1491
8/21/2020,66,1493
8/22/2020,65,1331
8/23/2020,65,1175
8/24/2020,65,1659
8/25/2020,65,1204
8/26/2020,63,1151
8/27/2020,62,1234
8/28/2020,64,1177
8/29/2020,64,1028
8/30/2020,57,1004
8/31/2020,57,1343
9/1/2020,63,1216
9/2/2020,55,1060
9/3/2020,54,1253
9/4/2020,48,972
9/5/2020,48,1247
9/6/2020,48,978
9/7/2020,52,1197
9/8/2020,58,1062
9/9/2020,62,2042
9/10/2020,48,1202
9/11/2020,48,1061
9/12/2020,49,893
9/13/2020,48,908
9/14/2020,48,903
9/15/2020,73,618
9/16/2020,70,736
9/17/2020,72,885
9/18/2020,51,714
9/19/2020,51,724
9/20/2020,72,695
9/21/2020,48,636
9/22/2020,48,799
9/23/2020,47,760
9/24/2020,47,621
9/25/2020,49,785
9/26/2020,47,702
9/27/2020,47,773
9/28/2020,46,658
9/29/2020,46,902
9/30/2020,46,693
10/1/2020,42,947
10/2/2020,40,395
10/3/2020,40,818
10/4/2020,40,1276
10/5/2020,40,810
10/6/2020,40,655
10/7/2020,40,669
10/8/2020,40,836
10/9/2020,40,820
10/10/2020,40,641
10/11/2020,40,903
10/12/2020,41,752
10/13/2020,41,803
10/14/2020,40,1167
10/15/2020,40,1211
10/16/2020,40,1480
10/17/2020,40,1009
10/18/2020,40,894
10/19/2020,40,826
10/20/2020,40,900
10/21/2020,40,680
10/22/2020,40,864
10/23/2020,40,848
10/24/2020,40,787
10/25/2020,40,867
10/26/2020,41,915
10/27/2020,41,599
10/28/2020,42,795
10/29/2020,43,780
10/30/2020,42,653
10/31/2020,42,434
11/1/2020,41,419
11/2/2020,41,419
11/3/2020,41,48
11/4/2020,41,53
11/5/2020,41,42
11/6/2020,41,39
11/7/2020,44,41
11/8/2020,58,41
11/9/2020,59,35
11/10/2020,57,43
11/11/2020,56,43
11/12/2020,56,34
11/13/2020,57,395
11/14/2020,58,1452
11/15/2020,60,910
11/16/2020,58,37
11/17/2020,55,54
11/18/2020,69,54
11/19/2020,81,54
11/20/2020,74,47
11/21/2020,67,48
11/22/2020,61,43
11/23/2020,59,46
11/24/2020,57,503
11/25/2020,56,640
11/26/2020,56,689
11/27/2020,55,299
11/28/2020,55,279
11/29/2020,55,279
11/30/2020,55,393
12/1/2020,55,69
12/2/2020,54,54
12/3/2020,53,68
12/4/2020,53,226
12/5/2020,52,223
12/6/2020,52,228
12/7/2020,52,231
12/8/2020,52,229
12/9/2020,51,230
12/10/2020,50,229
12/11/2020,54,324
12/12/2020,71,502
12/13/2020,75,292
12/14/2020,100,234
12/15/2020,79,232
12/16/2020,71,240
12/17/2020,80,178
12/18/2020,82,544
12/19/2020,74,289
12/20/2020,71,225
12/21/2020,69,274
12/22/2020,69,205
12/23/2020,67,215
12/24/2020,66,218
12/25/2020,66,211
12/26/2020,69,205
12/27/2020,72,239
12/28/2020,78,274
12/29/2020,77,260
12/30/2020,73,250
12/31/2020,72,250
1/1/2021,71,253
1/2/2021,70,255
1/3/2021,70,306
1/4/2021,72,36
1/5/2021,78,37
1/6/2021,79,41
1/7/2021,75,30
1/8/2021,73,162
1/9/2021,71,242
1/10/2021,70,218
1/11/2021,70,227
1/12/2021,69,226
1/13/2021,68,228
1/14/2021,69,377
1/15/2021,70,319
1/16/2021,71,216
1/17/2021,74,226
1/18/2021,77,291
1/19/2021,79,298
1/20/2021,74,276
1/21/2021,74,280
1/22/2021,75,278
1/23/2021,75,228
1/24/2021,89,238
1/25/2021,103,289
1/26/2021,93,282
1/27/2021,467,240
1/28/2021,1312,283
1/29/2021,552,281
1/30/2021,306,45
1/31/2021,244,42
2/1/2021,266,286
2/2/2021,286,253
2/3/2021,275,275
2/4/2021,254,262
2/5/2021,234,245
2/6/2021,239,38
2/7/2021,239,38
2/8/2021,257,284
2/9/2021,256,268
2/10/2021,262,282
2/11/2021,295,339
2/12/2021,453,373
2/13/2021,417,46
2/14/2021,352,45
2/15/2021,327,384
2/16/2021,354,291
2/17/2021,354,291
2/18/2021,286,627
2/19/2021,272,220
2/20/2021,279,33
2/21/2021,272,37
2/22/2021,266,249
2/23/2021,289,330
2/24/2021,314,301
2/25/2021,311,329
2/26/2021,298,356
2/27/2021,290,226
2/28/2021,273,36
3/1/2021,270,332
3/2/2021,273,300
3/3/2021,275,263
3/4/2021,261,280
3/5/2021,260,362
3/6/2021,287,240
3/7/2021,314,347
3/8/2021,341,738
3/9/2021,319,876
3/10/2021,329,577
3/11/2021,289,540
3/12/2021,267,438
3/13/2021,264,396
3/14/2021,280,436
3/15/2021,355,465
3/16/2021,306,448
3/17/2021,320,407
3/18/2021,326,545
3/19/2021,767,234
3/20/2021,1014,208
3/21/2021,650,375
3/22/2021,541,397
3/23/2021,474,496
3/24/2021,423,497
3/25/2021,413,472
3/26/2021,393,422
3/27/2021,397,382
3/28/2021,501,456
3/29/2021,648,664
3/30/2021,743,528
3/31/2021,854,902
4/1/2021,1026,692
4/2/2021,1152,682
4/3/2021,1285,707
4/4/2021,1402,787
4/5/2021,1446,814
4/6/2021,1347,681
4/7/2021,1489,930
4/8/2021,1486,839
4/9/2021,1506,809
4/10/2021,1620,676
4/11/2021,1704,864
4/12/2021,1822,835
4/13/2021,1785,878
4/14/2021,844,844
4/15/2021,1163,920
4/16/2021,1134,814
4/17/2021,1181,793
4/18/2021,1246,1009
4/19/2021,1450,935
4/20/2021,1659,1080
4/21/2021,1841,987
4/22/2021,1636,910
4/23/2021,1648,681
4/24/2021,1849,669
4/25/2021,1749,1000
4/26/2021,1483,1201
4/27/2021,1282,720
4/28/2021,1190,1098
4/29/2021,1441,1064
4/30/2021,2268,1019
5/1/2021,2664,1086
5/2/2021,2461,1062
5/3/2021,2224,1230
5/4/2021,2340,1120
5/5/2021,2688,1163
5/6/2021,2817,1131
5/7/2021,2599,1140
5/8/2021,2202,1178
5/9/2021,2021,1180
5/10/2021,1884,1245
5/11/2021,1873,1104
5/12/2021,1830,1042
5/13/2021,1733,1209
5/14/2021,1666,1168
5/15/2021,1622,1125
5/16/2021,1380,1108
5/17/2021,1305,1122
5/18/2021,1271,1173
5/19/2021,1202,1063
5/20/2021,1110,1091
5/21/2021,947,1119
5/22/2021,874,1001
5/23/2021,801,1130
5/24/2021,763,1133
5/25/2021,706,1074
5/26/2021,666,941
5/27/2021,657,1116
5/28/2021,695,1232
5/29/2021,725,1252
5/30/2021,728,1312
5/31/2021,677,1244
6/1/2021,673,1151
6/2/2021,700,1009
6/3/2021,751,1168
6/4/2021,772,1472
6/5/2021,681,1284
6/6/2021,594,1283
6/7/2021,516,1187
6/8/2021,462,1287
6/9/2021,399,1078
6/10/2021,342,1149
6/11/2021,299,1136
6/12/2021,267,1088
6/13/2021,254,1020
6/14/2021,262,722
6/15/2021,266,1116
6/16/2021,256,1246
6/17/2021,241,1232
6/18/2021,227,1224
6/19/2021,221,1225
6/20/2021,216,1312
6/21/2021,205,1236
6/22/2021,193,1263
6/23/2021,181,1180
6/24/2021,168,1333
6/25/2021,141,1375
6/26/2021,128,1262
6/27/2021,118,1272
6/28/2021,110,1285
6/29/2021,106,1399
6/30/2021,147,1443
7/1/2021,315,1254
7/2/2021,340,1276
7/3/2021,319,1233
7/4/2021,229,1188
7/5/2021,181,1343
7/6/2021,150,1267
7/7/2021,127,1319
7/8/2021,112,1415
7/9/2021,98,1460
7/10/2021,89,1360
7/11/2021,79,1129
7/12/2021,72,1425
7/13/2021,67,1305
7/14/2021,63,1329
7/15/2021,60,1310
7/16/2021,58,1496
7/17/2021,55,1232
7/18/2021,53,1153
7/19/2021,51,1559
7/20/2021,51,1232
7/21/2021,69,1250
7/22/2021,63,1343
7/23/2021,62,1519
7/24/2021,61,2919
7/25/2021,57,1263
7/26/2021,54,1261
7/27/2021,55,1174
7/28/2021,54,1334
7/29/2021,52,1262
7/30/2021,68,1338
7/31/2021,102,1514
8/1/2021,155,1440
8/2/2021,142,1408
8/3/2021,118,1188
8/4/2021,95,1420
8/5/2021,80,1286
8/6/2021,71,1208
8/7/2021,64,1182
8/8/2021,59,1081
8/9/2021,55,1178
8/10/2021,52,1195
8/11/2021,49,1276
8/12/2021,48,1175
8/13/2021,48,1243
8/14/2021,46,1120
8/15/2021,46,913
8/16/2021,45,905
8/17/2021,43,1091
8/18/2021,41,1121
8/19/2021,41,1045
8/20/2021,41,1179
8/21/2021,41,956
8/22/2021,41,878
8/23/2021,41,907
8/24/2021,41,918
8/25/2021,40,925
8/26/2021,40,649
8/27/2021,40,1047
8/28/2021,39,1107
8/29/2021,39,697
8/30/2021,38,695
8/31/2021,38,963
9/1/2021,38,641
9/2/2021,37,1025
9/3/2021,38,697
9/4/2021,38,764
9/5/2021,38,710
9/6/2021,38,697
9/7/2021,37,690
9/8/2021,37,678
9/9/2021,37,760
9/10/2021,37,714
9/11/2021,37,874
9/12/2021,37,655
9/13/2021,37,794
9/14/2021,37,775
9/15/2021,37,893
9/16/2021,37,997
9/17/2021,37,645
9/18/2021,37,658
9/19/2021,37,669
9/20/2021,37,618
9/21/2021,37,737
9/22/2021,37,665
9/23/2021,37,627
9/24/2021,37,607
9/25/2021,37,568
9/26/2021,37,560
9/27/2021,37,464
9/28/2021,36,843
9/29/2021,37,601
9/30/2021,37,582
